{"schema":6,"addons":[{"id":"langpack-en-GB@firefox.mozilla.org","icons":{"32":"https://addons.cdn.mozilla.net/static/img/addon-icons/default-32.png","64":"https://addons.cdn.mozilla.net/static/img/addon-icons/default-64.png","128":"https://addons.cdn.mozilla.net/static/img/addon-icons/default-128.png"},"name":"English (GB) Language Pack","version":"81.0buildid20200908191057","sourceURI":"https://addons.mozilla.org/firefox/downloads/file/3639943/english_gb_language_pack-81.0buildid20200908191057-fx.xpi?src=","homepageURL":null,"supportURL":null,"description":"English (GB) Language Pack","fullDescription":null,"weeklyDownloads":4355,"type":"locale","creator":{"name":"Mozilla Firefox","url":"https://addons.mozilla.org/it/firefox/user/4757633/"},"developers":[],"screenshots":[],"contributionURL":"","averageRating":3.5007,"reviewCount":244,"reviewURL":"https://addons.mozilla.org/it/firefox/addon/english-gb-language-pack/reviews/","updateDate":1599601524000},{"id":"langpack-en-CA@firefox.mozilla.org","icons":{"32":"https://addons.cdn.mozilla.net/static/img/addon-icons/default-32.png","64":"https://addons.cdn.mozilla.net/static/img/addon-icons/default-64.png","128":"https://addons.cdn.mozilla.net/static/img/addon-icons/default-128.png"},"name":"English (CA) Language Pack","version":"81.0buildid20200908191057","sourceURI":"https://addons.mozilla.org/firefox/downloads/file/3639944/english_ca_language_pack-81.0buildid20200908191057-fx.xpi?src=","homepageURL":null,"supportURL":null,"description":"Language pack for Firefox for en-CA","fullDescription":null,"weeklyDownloads":205,"type":"locale","creator":{"name":"Mozilla Firefox","url":"https://addons.mozilla.org/it/firefox/user/4757633/"},"developers":[],"screenshots":[],"contributionURL":"","averageRating":4.6154,"reviewCount":1,"reviewURL":"https://addons.mozilla.org/it/firefox/addon/english-ca-language-pack/reviews/","updateDate":1599601526000},{"id":"langpack-it@firefox.mozilla.org","icons":{"32":"https://addons.cdn.mozilla.net/static/img/addon-icons/default-32.png","64":"https://addons.cdn.mozilla.net/static/img/addon-icons/default-64.png","128":"https://addons.cdn.mozilla.net/static/img/addon-icons/default-128.png"},"name":"Italiano (IT) Language Pack","version":"81.0buildid20200908191057","sourceURI":"https://addons.mozilla.org/firefox/downloads/file/3639962/italiano_it_language_pack-81.0buildid20200908191057-fx.xpi?src=","homepageURL":null,"supportURL":null,"description":"Italiano (IT) Language Pack","fullDescription":null,"weeklyDownloads":990,"type":"locale","creator":{"name":"Mozilla Firefox","url":"https://addons.mozilla.org/it/firefox/user/4757633/"},"developers":[],"screenshots":[],"contributionURL":"","averageRating":4.2653,"reviewCount":39,"reviewURL":"https://addons.mozilla.org/it/firefox/addon/italiano-it-language-pack/reviews/","updateDate":1599601540000}]}