{"schema":6,"addons":[{"id":"langpack-en-GB@firefox.mozilla.org","icons":{"32":"https://addons.cdn.mozilla.net/static/img/addon-icons/default-32.png?v=20210601","64":"https://addons.cdn.mozilla.net/static/img/addon-icons/default-64.png?v=20210601","128":"https://addons.cdn.mozilla.net/static/img/addon-icons/default-128.png?v=20210601"},"name":"English (GB) Language Pack","version":"93.0buildid20210907190438","sourceURI":"https://addons.mozilla.org/firefox/downloads/file/3836522/english_gb_language_pack-93.0buildid20210907190438-fx.xpi","homepageURL":null,"supportURL":null,"description":"English (GB) Language Pack","fullDescription":null,"weeklyDownloads":1816,"type":"locale","creator":{"name":"Mozilla Firefox","url":"https://addons.mozilla.org/it/firefox/user/4757633/"},"developers":[],"screenshots":[],"contributionURL":"","averageRating":3.6787,"reviewCount":220,"reviewURL":"https://addons.mozilla.org/it/firefox/addon/english-gb-language-pack/reviews/","updateDate":1631049394000},{"id":"langpack-en-CA@firefox.mozilla.org","icons":{"32":"https://addons.cdn.mozilla.net/static/img/addon-icons/default-32.png?v=20210601","64":"https://addons.cdn.mozilla.net/static/img/addon-icons/default-64.png?v=20210601","128":"https://addons.cdn.mozilla.net/static/img/addon-icons/default-128.png?v=20210601"},"name":"English (CA) Language Pack","version":"93.0buildid20210907190438","sourceURI":"https://addons.mozilla.org/firefox/downloads/file/3836516/english_ca_language_pack-93.0buildid20210907190438-fx.xpi","homepageURL":null,"supportURL":null,"description":"Language pack for Firefox for en-CA","fullDescription":null,"weeklyDownloads":103,"type":"locale","creator":{"name":"Mozilla Firefox","url":"https://addons.mozilla.org/it/firefox/user/4757633/"},"developers":[],"screenshots":[],"contributionURL":"","averageRating":4.3243,"reviewCount":4,"reviewURL":"https://addons.mozilla.org/it/firefox/addon/english-ca-language-pack/reviews/","updateDate":1631049390000},{"id":"langpack-it@firefox.mozilla.org","icons":{"32":"https://addons.cdn.mozilla.net/static/img/addon-icons/default-32.png?v=20210601","64":"https://addons.cdn.mozilla.net/static/img/addon-icons/default-64.png?v=20210601","128":"https://addons.cdn.mozilla.net/static/img/addon-icons/default-128.png?v=20210601"},"name":"Italiano (IT) Language Pack","version":"93.0buildid20210907190438","sourceURI":"https://addons.mozilla.org/firefox/downloads/file/3836494/italiano_it_language_pack-93.0buildid20210907190438-fx.xpi","homepageURL":null,"supportURL":null,"description":"Italiano (IT) Language Pack","fullDescription":null,"weeklyDownloads":258,"type":"locale","creator":{"name":"Mozilla Firefox","url":"https://addons.mozilla.org/it/firefox/user/4757633/"},"developers":[],"screenshots":[],"contributionURL":"","averageRating":4.2928,"reviewCount":37,"reviewURL":"https://addons.mozilla.org/it/firefox/addon/italiano-it-language-pack/reviews/","updateDate":1631049371000},{"id":"langpack-zh-CN@firefox.mozilla.org","icons":{"32":"https://addons.cdn.mozilla.net/static/img/addon-icons/default-32.png?v=20210601","64":"https://addons.cdn.mozilla.net/static/img/addon-icons/default-64.png?v=20210601","128":"https://addons.cdn.mozilla.net/static/img/addon-icons/default-128.png?v=20210601"},"name":"Chinese Simplified (zh-CN) Language Pack","version":"93.0buildid20210907190438","sourceURI":"https://addons.mozilla.org/firefox/downloads/file/3836568/chinese_simplified_zh_cn_language_pack-93.0buildid20210907190438-fx.xpi","homepageURL":null,"supportURL":null,"description":"Chinese Simplified (zh-CN) Language Pack","fullDescription":null,"weeklyDownloads":135,"type":"locale","creator":{"name":"Mozilla Firefox","url":"https://addons.mozilla.org/it/firefox/user/4757633/"},"developers":[],"screenshots":[],"contributionURL":"","averageRating":4.5507,"reviewCount":43,"reviewURL":"https://addons.mozilla.org/it/firefox/addon/chinese-simplified-zh-cn-la/reviews/","updateDate":1631049703000}]}