{"experiments":{"bug-1661503-new-user-method-testing-v2-control-80-80":{"slug":"bug-1661503-new-user-method-testing-v2-control-80-80","actionName":"PreferenceExperimentAction","branch":"control","expired":true,"lastSeen":"2020-09-10T23:50:53.207Z","preferences":{"testing.normandy.new-user-targeting-v2":{"preferenceType":"string","preferenceValue":"control","preferenceBranchType":"default","previousPreferenceValue":null,"overridden":false}},"experimentType":"exp","userFacingName":"Testing ability to get the right experiments to only new users","userFacingDescription":"We've used various methods of targeting new users (and determining if users are \"new\") - with varying degrees of success/limitations. With these experiments, we aim to increase our ability to target an experiment to that population accurately.  This will involve 3 experiments all setting a dummy pref - so there will be no changes to the user. The experiment will just enroll users into a branch and then we'll evaluate through existing telemetry if those users truly are \"new users\" after the fact.","enrollmentId":"e4a28159-e17a-4c00-9d1c-1397a8ff1aaa","temporaryErrorDeadline":null}}}